,date,employees_oil_extraction,imports,inflation,GPR_TURKEY,GPR_MEXICO,GPR_KOREA,GPR_RUSSIA,GPR_INDIA,GPR_BRAZIL,GPR_CHINA,GPR_INDONESIA,GPR_SAUDI_ARABIA,GPR_SOUTH_AFRICA,GPR_ARGENTINA,GPR_COLOMBIA,GPR_VENEZUELA,GPR_THAILAND,GPR_UKRAINE,GPR_ISRAEL,GPR_MALAYSIA,GPR_PHILIPPINES,GPR_HONG_KONG
0,1972-01-01 00:00:00,141.2,4.741,3.27227824655283,,,,,,,,,,,,,,,,,,,
1,1972-02-01 00:00:00,140.9,,,,,,,,,,,,,,,,,,,,,
2,1972-03-01 00:00:00,140.8,,,,,,,,,,,,,,,,,,,,,
3,1972-04-01 00:00:00,140.2,,,,,,,,,,,,,,,,,,,,,
4,1972-05-01 00:00:00,139.6,,,,,,,,,,,,,,,,,,,,,
5,1972-06-01 00:00:00,139.5,,,,,,,,,,,,,,,,,,,,,
6,1972-07-01 00:00:00,139.0,,,,,,,,,,,,,,,,,,,,,
7,1972-08-01 00:00:00,138.4,,,,,,,,,,,,,,,,,,,,,
8,1972-09-01 00:00:00,137.3,,,,,,,,,,,,,,,,,,,,,
9,1972-10-01 00:00:00,137.5,,,,,,,,,,,,,,,,,,,,,
10,1972-11-01 00:00:00,137.0,,,,,,,,,,,,,,,,,,,,,
11,1972-12-01 00:00:00,137.7,,,,,,,,,,,,,,,,,,,,,
12,1973-01-01 00:00:00,136.3,6.256,6.17776006377041,,,,,,,,,,,,,,,,,,,
13,1973-02-01 00:00:00,136.3,,,,,,,,,,,,,,,,,,,,,
14,1973-03-01 00:00:00,136.1,,,,,,,,,,,,,,,,,,,,,
15,1973-04-01 00:00:00,135.8,,,,,,,,,,,,,,,,,,,,,
16,1973-05-01 00:00:00,135.6,,,,,,,,,,,,,,,,,,,,,
17,1973-06-01 00:00:00,135.0,,,,,,,,,,,,,,,,,,,,,
18,1973-07-01 00:00:00,134.8,,,,,,,,,,,,,,,,,,,,,
19,1973-08-01 00:00:00,133.8,,,,,,,,,,,,,,,,,,,,,
20,1973-09-01 00:00:00,134.6,,,,,,,,,,,,,,,,,,,,,
21,1973-10-01 00:00:00,134.3,,,,,,,,,,,,,,,,,,,,,
22,1973-11-01 00:00:00,135.2,,,,,,,,,,,,,,,,,,,,,
23,1973-12-01 00:00:00,135.5,,,,,,,,,,,,,,,,,,,,,
24,1974-01-01 00:00:00,136.3,6.112,11.0548048048048,,,,,,,,,,,,,,,,,,,
25,1974-02-01 00:00:00,136.6,,,,,,,,,,,,,,,,,,,,,
26,1974-03-01 00:00:00,137.1,,,,,,,,,,,,,,,,,,,,,
27,1974-04-01 00:00:00,137.8,,,,,,,,,,,,,,,,,,,,,
28,1974-05-01 00:00:00,138.7,,,,,,,,,,,,,,,,,,,,,
29,1974-06-01 00:00:00,138.9,,,,,,,,,,,,,,,,,,,,,
30,1974-07-01 00:00:00,140.5,,,,,,,,,,,,,,,,,,,,,
31,1974-08-01 00:00:00,141.8,,,,,,,,,,,,,,,,,,,,,
32,1974-09-01 00:00:00,142.6,,,,,,,,,,,,,,,,,,,,,
33,1974-10-01 00:00:00,144.1,,,,,,,,,,,,,,,,,,,,,
34,1974-11-01 00:00:00,144.8,,,,,,,,,,,,,,,,,,,,,
35,1974-12-01 00:00:00,145.7,,,,,,,,,,,,,,,,,,,,,
36,1975-01-01 00:00:00,146.8,6.056,9.14314686496534,,,,,,,,,,,,,,,,,,,
37,1975-02-01 00:00:00,146.5,,,,,,,,,,,,,,,,,,,,,
38,1975-03-01 00:00:00,148.1,,,,,,,,,,,,,,,,,,,,,
39,1975-04-01 00:00:00,149.4,,,,,,,,,,,,,,,,,,,,,
40,1975-05-01 00:00:00,150.2,,,,,,,,,,,,,,,,,,,,,
41,1975-06-01 00:00:00,150.6,,,,,,,,,,,,,,,,,,,,,
42,1975-07-01 00:00:00,151.4,,,,,,,,,,,,,,,,,,,,,
43,1975-08-01 00:00:00,151.8,,,,,,,,,,,,,,,,,,,,,
44,1975-09-01 00:00:00,152.8,,,,,,,,,,,,,,,,,,,,,
45,1975-10-01 00:00:00,153.3,,,,,,,,,,,,,,,,,,,,,
46,1975-11-01 00:00:00,153.5,,,,,,,,,,,,,,,,,,,,,
47,1975-12-01 00:00:00,154.2,,,,,,,,,,,,,,,,,,,,,
48,1976-01-01 00:00:00,154.9,7.313,5.74481263549085,,,,,,,,,,,,,,,,,,,
49,1976-02-01 00:00:00,155.5,,,,,,,,,,,,,,,,,,,,,
50,1976-03-01 00:00:00,155.5,,,,,,,,,,,,,,,,,,,,,
51,1976-04-01 00:00:00,155.4,,,,,,,,,,,,,,,,,,,,,
52,1976-05-01 00:00:00,155.6,,,,,,,,,,,,,,,,,,,,,
53,1976-06-01 00:00:00,156.6,,,,,,,,,,,,,,,,,,,,,
54,1976-07-01 00:00:00,156.8,,,,,,,,,,,,,,,,,,,,,
55,1976-08-01 00:00:00,157.0,,,,,,,,,,,,,,,,,,,,,
56,1976-09-01 00:00:00,157.0,,,,,,,,,,,,,,,,,,,,,
57,1976-10-01 00:00:00,157.2,,,,,,,,,,,,,,,,,,,,,
58,1976-11-01 00:00:00,157.8,,,,,,,,,,,,,,,,,,,,,
59,1976-12-01 00:00:00,158.8,,,,,,,,,,,,,,,,,,,,,
60,1977-01-01 00:00:00,159.0,8.807,6.50168399472839,,,,,,,,,,,,,,,,,,,
61,1977-02-01 00:00:00,159.6,,,,,,,,,,,,,,,,,,,,,
62,1977-03-01 00:00:00,160.8,,,,,,,,,,,,,,,,,,,,,
63,1977-04-01 00:00:00,162.1,,,,,,,,,,,,,,,,,,,,,
64,1977-05-01 00:00:00,163.3,,,,,,,,,,,,,,,,,,,,,
65,1977-06-01 00:00:00,164.0,,,,,,,,,,,,,,,,,,,,,
66,1977-07-01 00:00:00,165.3,,,,,,,,,,,,,,,,,,,,,
67,1977-08-01 00:00:00,166.5,,,,,,,,,,,,,,,,,,,,,
68,1977-09-01 00:00:00,167.9,,,,,,,,,,,,,,,,,,,,,
69,1977-10-01 00:00:00,169.2,,,,,,,,,,,,,,,,,,,,,
70,1977-11-01 00:00:00,170.5,,,,,,,,,,,,,,,,,,,,,
71,1977-12-01 00:00:00,171.3,,,,,,,,,,,,,,,,,,,,,
72,1978-01-01 00:00:00,172.3,8.363,7.63096383885602,,,,,,,,,,,,,,,,,,,
73,1978-02-01 00:00:00,173.2,,,,,,,,,,,,,,,,,,,,,
74,1978-03-01 00:00:00,174.5,,,,,,,,,,,,,,,,,,,,,
75,1978-04-01 00:00:00,175.0,,,,,,,,,,,,,,,,,,,,,
76,1978-05-01 00:00:00,174.6,,,,,,,,,,,,,,,,,,,,,
77,1978-06-01 00:00:00,176.8,,,,,,,,,,,,,,,,,,,,,
78,1978-07-01 00:00:00,177.1,,,,,,,,,,,,,,,,,,,,,
79,1978-08-01 00:00:00,178.2,,,,,,,,,,,,,,,,,,,,,
80,1978-09-01 00:00:00,179.2,,,,,,,,,,,,,,,,,,,,,
81,1978-10-01 00:00:00,179.9,,,,,,,,,,,,,,,,,,,,,
82,1978-11-01 00:00:00,181.0,,,,,,,,,,,,,,,,,,,,,
83,1978-12-01 00:00:00,181.7,,,,,,,,,,,,,,,,,,,,,
84,1979-01-01 00:00:00,183.5,8.456,11.2544711292795,,,,,,,,,,,,,,,,,,,
85,1979-02-01 00:00:00,185.4,,,,,,,,,,,,,,,,,,,,,
86,1979-03-01 00:00:00,186.4,,,,,,,,,,,,,,,,,,,,,
87,1979-04-01 00:00:00,187.9,,,,,,,,,,,,,,,,,,,,,
88,1979-05-01 00:00:00,189.0,,,,,,,,,,,,,,,,,,,,,
89,1979-06-01 00:00:00,191.4,,,,,,,,,,,,,,,,,,,,,
90,1979-07-01 00:00:00,192.5,,,,,,,,,,,,,,,,,,,,,
91,1979-08-01 00:00:00,194.1,,,,,,,,,,,,,,,,,,,,,
92,1979-09-01 00:00:00,195.5,,,,,,,,,,,,,,,,,,,,,
93,1979-10-01 00:00:00,197.4,,,,,,,,,,,,,,,,,,,,,
94,1979-11-01 00:00:00,199.4,,,,,,,,,,,,,,,,,,,,,
95,1979-12-01 00:00:00,201.4,,,,,,,,,,,,,,,,,,,,,
96,1980-01-01 00:00:00,203.4,6.909,13.5492019749684,,,,,,,,,,,,,,,,,,,
97,1980-02-01 00:00:00,204.5,,,,,,,,,,,,,,,,,,,,,
98,1980-03-01 00:00:00,206.8,,,,,,,,,,,,,,,,,,,,,
99,1980-04-01 00:00:00,211.1,,,,,,,,,,,,,,,,,,,,,
100,1980-05-01 00:00:00,214.4,,,,,,,,,,,,,,,,,,,,,
101,1980-06-01 00:00:00,217.2,,,,,,,,,,,,,,,,,,,,,
102,1980-07-01 00:00:00,220.5,,,,,,,,,,,,,,,,,,,,,
103,1980-08-01 00:00:00,223.2,,,,,,,,,,,,,,,,,,,,,
104,1980-09-01 00:00:00,225.9,,,,,,,,,,,,,,,,,,,,,
105,1980-10-01 00:00:00,229.5,,,,,,,,,,,,,,,,,,,,,
106,1980-11-01 00:00:00,231.5,,,,,,,,,,,,,,,,,,,,,
107,1980-12-01 00:00:00,234.4,,,,,,,,,,,,,,,,,,,,,
108,1981-01-01 00:00:00,237.5,5.996,10.3347153402771,,,,,,,,,,,,,,,,,,,
109,1981-02-01 00:00:00,241.0,,,,,,,,,,,,,,,,,,,,,
110,1981-03-01 00:00:00,243.6,,,,,,,,,,,,,,,,,,,,,
111,1981-04-01 00:00:00,246.6,,,,,,,,,,,,,,,,,,,,,
112,1981-05-01 00:00:00,248.4,,,,,,,,,,,,,,,,,,,,,
113,1981-06-01 00:00:00,253.6,,,,,,,,,,,,,,,,,,,,,
114,1981-07-01 00:00:00,257.3,,,,,,,,,,,,,,,,,,,,,
115,1981-08-01 00:00:00,259.1,,,,,,,,,,,,,,,,,,,,,
116,1981-09-01 00:00:00,260.1,,,,,,,,,,,,,,,,,,,,,
117,1981-10-01 00:00:00,261.6,,,,,,,,,,,,,,,,,,,,,
118,1981-11-01 00:00:00,263.5,,,,,,,,,,,,,,,,,,,,,
119,1981-12-01 00:00:00,265.1,,,,,,,,,,,,,,,,,,,,,
120,1982-01-01 00:00:00,266.0,5.113,6.13142700027494,,,,,,,,,,,,,,,,,,,
121,1982-02-01 00:00:00,266.3,,,,,,,,,,,,,,,,,,,,,
122,1982-03-01 00:00:00,267.0,,,,,,,,,,,,,,,,,,,,,
123,1982-04-01 00:00:00,265.8,,,,,,,,,,,,,,,,,,,,,
124,1982-05-01 00:00:00,265.5,,,,,,,,,,,,,,,,,,,,,
125,1982-06-01 00:00:00,264.9,,,,,,,,,,,,,,,,,,,,,
126,1982-07-01 00:00:00,265.0,,,,,,,,,,,,,,,,,,,,,
127,1982-08-01 00:00:00,264.8,,,,,,,,,,,,,,,,,,,,,
128,1982-09-01 00:00:00,263.9,,,,,,,,,,,,,,,,,,,,,
129,1982-10-01 00:00:00,262.8,,,,,,,,,,,,,,,,,,,,,
130,1982-11-01 00:00:00,262.0,,,,,,,,,,,,,,,,,,,,,
131,1982-12-01 00:00:00,261.3,,,,,,,,,,,,,,,,,,,,,
132,1983-01-01 00:00:00,260.1,5.051,3.21243523316063,,,,,,,,,,,,,,,,,,,
133,1983-02-01 00:00:00,258.0,,,,,,,,,,,,,,,,,,,,,
134,1983-03-01 00:00:00,256.4,,,,,,,,,,,,,,,,,,,,,
135,1983-04-01 00:00:00,256.3,,,,,,,,,,,,,,,,,,,,,
136,1983-05-01 00:00:00,255.7,,,,,,,,,,,,,,,,,,,,,
137,1983-06-01 00:00:00,254.7,,,,,,,,,,,,,,,,,,,,,
138,1983-07-01 00:00:00,254.9,,,,,,,,,,,,,,,,,,,,,
139,1983-08-01 00:00:00,254.7,,,,,,,,,,,,,,,,,,,,,
140,1983-09-01 00:00:00,254.7,,,,,,,,,,,,,,,,,,,,,
141,1983-10-01 00:00:00,254.4,,,,,,,,,,,,,,,,,,,,,
142,1983-11-01 00:00:00,254.5,,,,,,,,,,,,,,,,,,,,,
143,1983-12-01 00:00:00,253.7,,,,,,,,,,,,,,,,,,,,,
144,1984-01-01 00:00:00,252.9,5.437,4.30053547523427,,,,,,,,,,,,,,,,,,,
145,1984-02-01 00:00:00,253.5,,,,,,,,,,,,,,,,,,,,,
146,1984-03-01 00:00:00,253.3,,,,,,,,,,,,,,,,,,,,,
147,1984-04-01 00:00:00,253.5,,,,,,,,,,,,,,,,,,,,,
148,1984-05-01 00:00:00,253.7,,,,,,,,,,,,,,,,,,,,,
149,1984-06-01 00:00:00,253.4,,,,,,,,,,,,,,,,,,,,,
150,1984-07-01 00:00:00,252.1,,,,,,,,,,,,,,,,,,,,,
151,1984-08-01 00:00:00,251.0,,,,,,,,,,,,,,,,,,,,,
152,1984-09-01 00:00:00,250.6,,,,,,,,,,,,,,,,,,,,,
153,1984-10-01 00:00:00,250.7,,,,,,,,,,,,,,,,,,,,,
154,1984-11-01 00:00:00,249.9,,,,,,,,,,,,,,,,,,,,,
155,1984-12-01 00:00:00,249.0,,,,,,,,,,,,,,,,,,,,,
156,1985-01-01 00:00:00,248.5,5.067,3.54564415209369,,,,,,,,,,,,,,,,,,,
157,1985-02-01 00:00:00,247.7,,,,,,,,,,,,,,,,,,,,,
158,1985-03-01 00:00:00,247.0,,,,,,,,,,,,,,,,,,,,,
159,1985-04-01 00:00:00,246.6,,,,,,,,,,,,,,,,,,,,,
160,1985-05-01 00:00:00,245.7,,,,,,,,,,,,,,,,,,,,,
161,1985-06-01 00:00:00,245.7,,,,,,,,,,,,,,,,,,,,,
162,1985-07-01 00:00:00,245.0,,,,,,,,,,,,,,,,,,,,,
163,1985-08-01 00:00:00,244.9,,,,,,,,,,,,,,,,,,,,,
164,1985-09-01 00:00:00,243.7,,,,,,,,,,,,,,,,,,,,,
165,1985-10-01 00:00:00,241.9,,,,,,,,,,,,,,,,,,,,,
166,1985-11-01 00:00:00,240.3,,,,,,,,,,,,,,,,,,,,,
167,1985-12-01 00:00:00,239.9,,,,,,,,,,,,,,,,,,,,,
168,1986-01-01 00:00:00,236.7,6.224,1.89804772234275,,,,,,,,,,,,,,,,,,,
169,1986-02-01 00:00:00,233.4,,,,,,,,,,,,,,,,,,,,,
170,1986-03-01 00:00:00,230.8,,,,,,,,,,,,,,,,,,,,,
171,1986-04-01 00:00:00,225.5,,,,,,,,,,,,,,,,,,,,,
172,1986-05-01 00:00:00,219.8,,,,,,,,,,,,,,,,,,,,,
173,1986-06-01 00:00:00,216.5,,,,,,,,,,,,,,,,,,,,,
174,1986-07-01 00:00:00,215.4,,,,,,,,,,,,,,,,,,,,,
175,1986-08-01 00:00:00,209.4,,,,,,,,,,,,,,,,,,,,,
176,1986-09-01 00:00:00,204.2,,,,,,,,,,,,,,,,,,,,,
177,1986-10-01 00:00:00,204.3,,,,,,,,,,,,,,,,,,,,,
178,1986-11-01 00:00:00,203.0,,,,,,,,,,,,,,,,,,,,,
179,1986-12-01 00:00:00,200.1,,,,,,,,,,,,,,,,,,,,,
180,1987-01-01 00:00:00,199.3,6.678,3.66456321751691,,,,,,,,,,,,,,,,,,,
181,1987-02-01 00:00:00,198.3,,,,,,,,,,,,,,,,,,,,,
182,1987-03-01 00:00:00,197.6,,,,,,,,,,,,,,,,,,,,,
183,1987-04-01 00:00:00,197.3,,,,,,,,,,,,,,,,,,,,,
184,1987-05-01 00:00:00,197.3,,,,,,,,,,,,,,,,,,,,,
185,1987-06-01 00:00:00,196.3,,,,,,,,,,,,,,,,,,,,,
186,1987-07-01 00:00:00,197.2,,,,,,,,,,,,,,,,,,,,,
187,1987-08-01 00:00:00,197.2,,,,,,,,,,,,,,,,,,,,,
188,1987-09-01 00:00:00,198.2,,,,,,,,,,,,,,,,,,,,,
189,1987-10-01 00:00:00,198.9,,,,,,,,,,,,,,,,,,,,,
190,1987-11-01 00:00:00,198.7,,,,,,,,,,,,,,,,,,,,,
191,1987-12-01 00:00:00,199.6,,,,,,,,,,,,,,,,,,,,,
192,1988-01-01 00:00:00,196.8,7.402,4.07774110744408,,,,,,,,,,,,,,,,,,,
193,1988-02-01 00:00:00,196.4,,,,,,,,,,,,,,,,,,,,,
194,1988-03-01 00:00:00,196.3,,,,,,,,,,,,,,,,,,,,,
195,1988-04-01 00:00:00,195.6,,,,,,,,,,,,,,,,,,,,,
196,1988-05-01 00:00:00,195.1,,,,,,,,,,,,,,,,,,,,,
197,1988-06-01 00:00:00,193.7,,,,,,,,,,,,,,,,,,,,,
198,1988-07-01 00:00:00,194.0,,,,,,,,,,,,,,,,,,,,,
199,1988-08-01 00:00:00,193.9,,,,,,,,,,,,,,,,,,,,,
200,1988-09-01 00:00:00,193.2,,,,,,,,,,,,,,,,,,,,,
201,1988-10-01 00:00:00,193.1,,,,,,,,,,,,,,,,,,,,,
202,1988-11-01 00:00:00,193.1,,,,,,,,,,,,,,,,,,,,,
203,1988-12-01 00:00:00,192.9,,,,,,,,,,,,,,,,,,,,,
204,1989-01-01 00:00:00,192.5,8.061,4.82700303008949,,,,,,,,,,,,,,,,,,,
205,1989-02-01 00:00:00,191.7,,,,,,,,,,,,,,,,,,,,,
206,1989-03-01 00:00:00,191.6,,,,,,,,,,,,,,,,,,,,,
207,1989-04-01 00:00:00,191.8,,,,,,,,,,,,,,,,,,,,,
208,1989-05-01 00:00:00,191.3,,,,,,,,,,,,,,,,,,,,,
209,1989-06-01 00:00:00,191.7,,,,,,,,,,,,,,,,,,,,,
210,1989-07-01 00:00:00,190.9,,,,,,,,,,,,,,,,,,,,,
211,1989-08-01 00:00:00,190.7,,,,,,,,,,,,,,,,,,,,,
212,1989-09-01 00:00:00,190.2,,,,,,,,,,,,,,,,,,,,,
213,1989-10-01 00:00:00,189.6,,,,,,,,,,,,,,,,,,,,,
214,1989-11-01 00:00:00,189.3,,,,,,,,,,,,,,,,,,,,,
215,1989-12-01 00:00:00,190.2,,,,,,,,,,,,,,,,,,,,,
216,1990-01-01 00:00:00,191.3,8.018,5.39795643990322,,,,,,,,,,,,,,,,,,,
217,1990-02-01 00:00:00,191.9,,,,,,,,,,,,,,,,,,,,,
218,1990-03-01 00:00:00,191.0,,,,,,,,,,,,,,,,,,,,,
219,1990-04-01 00:00:00,190.8,,,,,,,,,,,,,,,,,,,,,
220,1990-05-01 00:00:00,190.8,,,,,,,,,,,,,,,,,,,,,
221,1990-06-01 00:00:00,190.3,,,,,,,,,,,,,,,,,,,,,
222,1990-07-01 00:00:00,190.8,,,,,,,,,,,,,,,,,,,,,
223,1990-08-01 00:00:00,190.4,,,,,,,,,,,,,,,,,,,,,
224,1990-09-01 00:00:00,190.5,,,,,,,,,,,,,,,,,,,,,
225,1990-10-01 00:00:00,188.4,,,,,,,,,,,,,,,,,,,,,
226,1990-11-01 00:00:00,188.1,,,,,,,,,,,,,,,,,,,,,
227,1990-12-01 00:00:00,189.0,,,,,,,,,,,,,,,,,,,,,
228,1991-01-01 00:00:00,190.6,7.627,4.23496396453853,,,,,,,,,,,,,,,,,,,
229,1991-02-01 00:00:00,191.0,,,,,,,,,,,,,,,,,,,,,
230,1991-03-01 00:00:00,190.3,,,,,,,,,,,,,,,,,,,,,
231,1991-04-01 00:00:00,190.1,,,,,,,,,,,,,,,,,,,,,
232,1991-05-01 00:00:00,190.7,,,,,,,,,,,,,,,,,,,,,
233,1991-06-01 00:00:00,192.0,,,,,,,,,,,,,,,,,,,,,
234,1991-07-01 00:00:00,192.2,,,,,,,,,,,,,,,,,,,,,
235,1991-08-01 00:00:00,192.6,,,,,,,,,,,,,,,,,,,,,
236,1991-09-01 00:00:00,191.9,,,,,,,,,,,,,,,,,,,,,
237,1991-10-01 00:00:00,191.3,,,,,,,,,,,,,,,,,,,,,
238,1991-11-01 00:00:00,190.2,,,,,,,,,,,,,,,,,,,,,
239,1991-12-01 00:00:00,189.1,,,,,,,,,,,,,,,,,,,,,
240,1992-01-01 00:00:00,188.3,7.888,3.0288196781497,,,,,,,,,,,,,,,,,,,
241,1992-02-01 00:00:00,188.3,,,,,,,,,,,,,,,,,,,,,
242,1992-03-01 00:00:00,188.4,,,,,,,,,,,,,,,,,,,,,
243,1992-04-01 00:00:00,187.6,,,,,,,,,,,,,,,,,,,,,
244,1992-05-01 00:00:00,186.9,,,,,,,,,,,,,,,,,,,,,
245,1992-06-01 00:00:00,183.7,,,,,,,,,,,,,,,,,,,,,
246,1992-07-01 00:00:00,182.0,,,,,,,,,,,,,,,,,,,,,
247,1992-08-01 00:00:00,178.8,,,,,,,,,,,,,,,,,,,,,
248,1992-09-01 00:00:00,173.8,,,,,,,,,,,,,,,,,,,,,
249,1992-10-01 00:00:00,175.8,,,,,,,,,,,,,,,,,,,,,
250,1992-11-01 00:00:00,175.8,,,,,,,,,,,,,,,,,,,,,
251,1992-12-01 00:00:00,175.6,,,,,,,,,,,,,,,,,,,,,
252,1993-01-01 00:00:00,175.2,8.62,2.95165696638554,,,,,,,,,,,,,,,,,,,
253,1993-02-01 00:00:00,173.5,,,,,,,,,,,,,,,,,,,,,
254,1993-03-01 00:00:00,172.8,,,,,,,,,,,,,,,,,,,,,
255,1993-04-01 00:00:00,172.2,,,,,,,,,,,,,,,,,,,,,
256,1993-05-01 00:00:00,171.5,,,,,,,,,,,,,,,,,,,,,
257,1993-06-01 00:00:00,171.0,,,,,,,,,,,,,,,,,,,,,
258,1993-07-01 00:00:00,169.4,,,,,,,,,,,,,,,,,,,,,
259,1993-08-01 00:00:00,169.9,,,,,,,,,,,,,,,,,,,,,
260,1993-09-01 00:00:00,169.3,,,,,,,,,,,,,,,,,,,,,
261,1993-10-01 00:00:00,168.8,,,,,,,,,,,,,,,,,,,,,
262,1993-11-01 00:00:00,169.2,,,,,,,,,,,,,,,,,,,,,
263,1993-12-01 00:00:00,167.0,,,,,,,,,,,,,,,,,,,,,
264,1994-01-01 00:00:00,166.3,8.996,2.6074415921546,,,,,,,,,,,,,,,,,,,
265,1994-02-01 00:00:00,164.7,,,,,,,,,,,,,,,,,,,,,
266,1994-03-01 00:00:00,164.2,,,,,,,,,,,,,,,,,,,,,
267,1994-04-01 00:00:00,163.0,,,,,,,,,,,,,,,,,,,,,
268,1994-05-01 00:00:00,162.7,,,,,,,,,,,,,,,,,,,,,
269,1994-06-01 00:00:00,161.7,,,,,,,,,,,,,,,,,,,,,
270,1994-07-01 00:00:00,161.2,,,,,,,,,,,,,,,,,,,,,
271,1994-08-01 00:00:00,162.1,,,,,,,,,,,,,,,,,,,,,
272,1994-09-01 00:00:00,163.7,,,,,,,,,,,,,,,,,,,,,
273,1994-10-01 00:00:00,161.3,,,,,,,,,,,,,,,,,,,,,
274,1994-11-01 00:00:00,159.8,,,,,,,,,,,,,,,,,,,,,
275,1994-12-01 00:00:00,158.4,,,,,,,,,,,,,,,,,,,,,
276,1995-01-01 00:00:00,156.3,8.835,2.80541968853655,,,,,,,,,,,,,,,,,,,
277,1995-02-01 00:00:00,154.8,,,,,,,,,,,,,,,,,,,,,
278,1995-03-01 00:00:00,153.8,,,,,,,,,,,,,,,,,,,,,
279,1995-04-01 00:00:00,153.2,,,,,,,,,,,,,,,,,,,,,
280,1995-05-01 00:00:00,152.5,,,,,,,,,,,,,,,,,,,,,
281,1995-06-01 00:00:00,151.8,,,,,,,,,,,,,,,,,,,,,
282,1995-07-01 00:00:00,150.8,,,,,,,,,,,,,,,,,,,,,
283,1995-08-01 00:00:00,150.4,,,,,,,,,,,,,,,,,,,,,
284,1995-09-01 00:00:00,150.2,,,,,,,,,,,,,,,,,,,,,
285,1995-10-01 00:00:00,150.0,,,,,,,,,,,,,,,,,,,,,
286,1995-11-01 00:00:00,148.9,,,,,,,,,,,,,,,,,,,,,
287,1995-12-01 00:00:00,148.4,,,,,,,,,,,,,,,,,,,,,
288,1996-01-01 00:00:00,147.9,9.478,2.9312041999344,,,,,,,,,,,,,,,,,,,
289,1996-02-01 00:00:00,148.1,,,,,,,,,,,,,,,,,,,,,
290,1996-03-01 00:00:00,147.9,,,,,,,,,,,,,,,,,,,,,
291,1996-04-01 00:00:00,148.5,,,,,,,,,,,,,,,,,,,,,
292,1996-05-01 00:00:00,148.8,,,,,,,,,,,,,,,,,,,,,
293,1996-06-01 00:00:00,147.9,,,,,,,,,,,,,,,,,,,,,
294,1996-07-01 00:00:00,147.6,,,,,,,,,,,,,,,,,,,,,
295,1996-08-01 00:00:00,146.7,,,,,,,,,,,,,,,,,,,,,
296,1996-09-01 00:00:00,144.9,,,,,,,,,,,,,,,,,,,,,
297,1996-10-01 00:00:00,145.1,,,,,,,,,,,,,,,,,,,,,
298,1996-11-01 00:00:00,145.4,,,,,,,,,,,,,,,,,,,,,
299,1996-12-01 00:00:00,145.0,,,,,,,,,,,,,,,,,,,,,
300,1997-01-01 00:00:00,145.8,10.162,2.33768993730741,,,,,,,,,,,,,,,,,,,
301,1997-02-01 00:00:00,146.6,,,,,,,,,,,,,,,,,,,,,
302,1997-03-01 00:00:00,145.0,,,,,,,,,,,,,,,,,,,,,
303,1997-04-01 00:00:00,144.4,,,,,,,,,,,,,,,,,,,,,
304,1997-05-01 00:00:00,143.9,,,,,,,,,,,,,,,,,,,,,
305,1997-06-01 00:00:00,143.6,,,,,,,,,,,,,,,,,,,,,
306,1997-07-01 00:00:00,144.0,,,,,,,,,,,,,,,,,,,,,
307,1997-08-01 00:00:00,143.3,,,,,,,,,,,,,,,,,,,,,
308,1997-09-01 00:00:00,142.9,,,,,,,,,,,,,,,,,,,,,
309,1997-10-01 00:00:00,142.9,,,,,,,,,,,,,,,,,,,,,
310,1997-11-01 00:00:00,143.3,,,,,,,,,,,,,,,,,,,,,
311,1997-12-01 00:00:00,143.1,,,,,,,,,,,,,,,,,,,,,
312,1998-01-01 00:00:00,141.8,10.708,1.55227909874362,,,,,,,,,,,,,,,,,,,
313,1998-02-01 00:00:00,141.8,,,,,,,,,,,,,,,,,,,,,
314,1998-03-01 00:00:00,141.8,,,,,,,,,,,,,,,,,,,,,
315,1998-04-01 00:00:00,141.2,,,,,,,,,,,,,,,,,,,,,
316,1998-05-01 00:00:00,140.3,,,,,,,,,,,,,,,,,,,,,
317,1998-06-01 00:00:00,141.3,,,,,,,,,,,,,,,,,,,,,
318,1998-07-01 00:00:00,140.7,,,,,,,,,,,,,,,,,,,,,
319,1998-08-01 00:00:00,140.9,,,,,,,,,,,,,,,,,,,,,
320,1998-09-01 00:00:00,140.5,,,,,,,,,,,,,,,,,,,,,
321,1998-10-01 00:00:00,139.8,,,,,,,,,,,,,,,,,,,,,
322,1998-11-01 00:00:00,139.2,,,,,,,,,,,,,,,,,,,,,
323,1998-12-01 00:00:00,139.5,,,,,,,,,,,,,,,,,,,,,
324,1999-01-01 00:00:00,138.2,10.852,2.18802719697358,,,,,,,,,,,,,,,,,,,
325,1999-02-01 00:00:00,137.0,,,,,,,,,,,,,,,,,,,,,
326,1999-03-01 00:00:00,136.8,,,,,,,,,,,,,,,,,,,,,
327,1999-04-01 00:00:00,133.8,,,,,,,,,,,,,,,,,,,,,
328,1999-05-01 00:00:00,131.0,,,,,,,,,,,,,,,,,,,,,
329,1999-06-01 00:00:00,128.2,,,,,,,,,,,,,,,,,,,,,
330,1999-07-01 00:00:00,129.6,,,,,,,,,,,,,,,,,,,,,
331,1999-08-01 00:00:00,129.7,,,,,,,,,,,,,,,,,,,,,
332,1999-09-01 00:00:00,128.4,,,,,,,,,,,,,,,,,,,,,
333,1999-10-01 00:00:00,128.2,,,,,,,,,,,,,,,,,,,,,
334,1999-11-01 00:00:00,127.5,,,,,,,,,,,,,,,,,,,,,
335,1999-12-01 00:00:00,126.4,,,,,,,,,,,,,,,,,,,,,
336,2000-01-01 00:00:00,126.1,11.459,3.37685727149935,,,,,,,,,,,,,,,,,,,
337,2000-02-01 00:00:00,126.8,,,,,,,,,,,,,,,,,,,,,
338,2000-03-01 00:00:00,125.4,,,,,,,,,,,,,,,,,,,,,
339,2000-04-01 00:00:00,125.6,,,,,,,,,,,,,,,,,,,,,
340,2000-05-01 00:00:00,125.7,,,,,,,,,,,,,,,,,,,,,
341,2000-06-01 00:00:00,125.6,,,,,,,,,,,,,,,,,,,,,
342,2000-07-01 00:00:00,124.5,,,,,,,,,,,,,,,,,,,,,
343,2000-08-01 00:00:00,123.8,,,,,,,,,,,,,,,,,,,,,
344,2000-09-01 00:00:00,124.3,,,,,,,,,,,,,,,,,,,,,
345,2000-10-01 00:00:00,124.6,,,,,,,,,,,,,,,,,,,,,
346,2000-11-01 00:00:00,123.6,,,,,,,,,,,,,,,,,,,,,
347,2000-12-01 00:00:00,122.9,,,,,,,,,,,,,,,,,,,,,
348,2001-01-01 00:00:00,123.5,11.871,2.82617111885402,,,,,,,,,,,,,,,,,,,
349,2001-02-01 00:00:00,122.9,,,,,,,,,,,,,,,,,,,,,
350,2001-03-01 00:00:00,123.4,,,,,,,,,,,,,,,,,,,,,
351,2001-04-01 00:00:00,123.5,,,,,,,,,,,,,,,,,,,,,
352,2001-05-01 00:00:00,123.8,,,,,,,,,,,,,,,,,,,,,
353,2001-06-01 00:00:00,123.4,,,,,,,,,,,,,,,,,,,,,
354,2001-07-01 00:00:00,124.3,,,,,,,,,,,,,,,,,,,,,
355,2001-08-01 00:00:00,124.2,,,,,,,,,,,,,,,,,,,,,
356,2001-09-01 00:00:00,124.7,,,,,,,,,,,,,,,,,,,,,
357,2001-10-01 00:00:00,123.0,,,,,,,,,,,,,,,,,,,,,
358,2001-11-01 00:00:00,123.9,,,,,,,,,,,,,,,,,,,,,
359,2001-12-01 00:00:00,124.7,,,,,,,,,,,,,,,,,,,,,
360,2002-01-01 00:00:00,124.6,11.53,1.58603162650603,,,,,,,,,,,,,,,,,,,
361,2002-02-01 00:00:00,125.5,,,,,,,,,,,,,,,,,,,,,
362,2002-03-01 00:00:00,123.5,,,,,,,,,,,,,,,,,,,,,
363,2002-04-01 00:00:00,121.9,,,,,,,,,,,,,,,,,,,,,
364,2002-05-01 00:00:00,121.9,,,,,,,,,,,,,,,,,,,,,
365,2002-06-01 00:00:00,121.7,,,,,,,,,,,,,,,,,,,,,
366,2002-07-01 00:00:00,120.9,,,,,,,,,,,,,,,,,,,,,
367,2002-08-01 00:00:00,121.1,,,,,,,,,,,,,,,,,,,,,
368,2002-09-01 00:00:00,120.1,,,,,,,,,,,,,,,,,,,,,
369,2002-10-01 00:00:00,120.6,,,,,,,,,,,,,,,,,,,,,
370,2002-11-01 00:00:00,121.0,,,,,,,,,,,,,,,,,,,,,
371,2002-12-01 00:00:00,120.7,,,,,,,,,,,,,,,,,,,,,
372,2003-01-01 00:00:00,120.9,12.264,2.27009497336113,,,,,,,,,,,,,,,,,,,
373,2003-02-01 00:00:00,120.5,,,,,,,,,,,,,,,,,,,,,
374,2003-03-01 00:00:00,120.9,,,,,,,,,,,,,,,,,,,,,
375,2003-04-01 00:00:00,121.1,,,,,,,,,,,,,,,,,,,,,
376,2003-05-01 00:00:00,121.1,,,,,,,,,,,,,,,,,,,,,
377,2003-06-01 00:00:00,121.2,,,,,,,,,,,,,,,,,,,,,
378,2003-07-01 00:00:00,120.4,,,,,,,,,,,,,,,,,,,,,
379,2003-08-01 00:00:00,119.6,,,,,,,,,,,,,,,,,,,,,
380,2003-09-01 00:00:00,119.4,,,,,,,,,,,,,,,,,,,,,
381,2003-10-01 00:00:00,119.2,,,,,,,,,,,,,,,,,,,,,
382,2003-11-01 00:00:00,118.6,,,,,,,,,,,,,,,,,,,,,
383,2003-12-01 00:00:00,118.4,,,,,,,,,,,,,,,,,,,,,
384,2004-01-01 00:00:00,119.8,13.145,2.67723669309173,,,,,,,,,,,,,,,,,,,
385,2004-02-01 00:00:00,121.2,,,,,,,,,,,,,,,,,,,,,
386,2004-03-01 00:00:00,121.4,,,,,,,,,,,,,,,,,,,,,
387,2004-04-01 00:00:00,122.9,,,,,,,,,,,,,,,,,,,,,
388,2004-05-01 00:00:00,124.2,,,,,,,,,,,,,,,,,,,,,
389,2004-06-01 00:00:00,123.6,,,,,,,,,,,,,,,,,,,,,
390,2004-07-01 00:00:00,123.5,,,,,,,,,,,,,,,,,,,,,
391,2004-08-01 00:00:00,124.3,,,,,,,,,,,,,,,,,,,,,
392,2004-09-01 00:00:00,125.0,,,,,,,,,,,,,,,,,,,,,
393,2004-10-01 00:00:00,124.3,,,,,,,,,,,,,,,,,,,,,
394,2004-11-01 00:00:00,124.7,,,,,,,,,,,,,,,,,,,,,
395,2004-12-01 00:00:00,124.7,,,,,,,,,,,,,,,,,,,,,
396,2005-01-01 00:00:00,124.1,13.714,3.39274684549547,,,,,,,,,,,,,,,,,,,
397,2005-02-01 00:00:00,123.1,,,,,,,,,,,,,,,,,,,,,
398,2005-03-01 00:00:00,124.6,,,,,,,,,,,,,,,,,,,,,
399,2005-04-01 00:00:00,124.6,,,,,,,,,,,,,,,,,,,,,
400,2005-05-01 00:00:00,125.2,,,,,,,,,,,,,,,,,,,,,
401,2005-06-01 00:00:00,125.0,,,,,,,,,,,,,,,,,,,,,
402,2005-07-01 00:00:00,125.7,,,,,,,,,,,,,,,,,,,,,
403,2005-08-01 00:00:00,126.0,,,,,,,,,,,,,,,,,,,,,
404,2005-09-01 00:00:00,126.8,,,,,,,,,,,,,,,,,,,,,
405,2005-10-01 00:00:00,127.3,,,,,,,,,,,,,,,,,,,,,
406,2005-11-01 00:00:00,128.4,,,,,,,,,,,,,,,,,,,,,
407,2005-12-01 00:00:00,128.1,,,,,,,,,,,,,,,,,,,,,
408,2006-01-01 00:00:00,128.8,13.707,3.22594410070407,,,,,,,,,,,,,,,,,,,
409,2006-02-01 00:00:00,130.0,,,,,,,,,,,,,,,,,,,,,
410,2006-03-01 00:00:00,131.2,,,,,,,,,,,,,,,,,,,,,
411,2006-04-01 00:00:00,132.8,,,,,,,,,,,,,,,,,,,,,
412,2006-05-01 00:00:00,133.1,,,,,,,,,,,,,,,,,,,,,
413,2006-06-01 00:00:00,134.7,,,,,,,,,,,,,,,,,,,,,
414,2006-07-01 00:00:00,135.1,,,,,,,,,,,,,,,,,,,,,
415,2006-08-01 00:00:00,136.8,,,,,,,,,,,,,,,,,,,,,
416,2006-09-01 00:00:00,136.7,,,,,,,,,,,,,,,,,,,,,
417,2006-10-01 00:00:00,138.3,,,,,,,,,,,,,,,,,,,,,
418,2006-11-01 00:00:00,138.3,,,,,,,,,,,,,,,,,,,,,
419,2006-12-01 00:00:00,139.4,,,,,,,,,,,,,,,,,,,,,
420,2007-01-01 00:00:00,140.7,13.468,2.85267248150136,,,,,,,,,,,,,,,,,,,
421,2007-02-01 00:00:00,141.7,,,,,,,,,,,,,,,,,,,,,
422,2007-03-01 00:00:00,142.8,,,,,,,,,,,,,,,,,,,,,
423,2007-04-01 00:00:00,143.8,,,,,,,,,,,,,,,,,,,,,
424,2007-05-01 00:00:00,144.0,,,,,,,,,,,,,,,,,,,,,
425,2007-06-01 00:00:00,145.3,,,,,,,,,,,,,,,,,,,,,
426,2007-07-01 00:00:00,146.5,,,,,,,,,,,,,,,,,,,,,
427,2007-08-01 00:00:00,147.0,,,,,,,,,,,,,,,,,,,,,
428,2007-09-01 00:00:00,147.2,,,,,,,,,,,,,,,,,,,,,
429,2007-10-01 00:00:00,149.3,,,,,,,,,,,,,,,,,,,,,
430,2007-11-01 00:00:00,151.9,,,,,,,,,,,,,,,,,,,,,
431,2007-12-01 00:00:00,153.5,,,,,,,,,,,,,,,,,,,,,
432,2008-01-01 00:00:00,154.8,12.915,3.83910029665101,,,,,,,,,,,,,,,,,,,
433,2008-02-01 00:00:00,155.0,,,,,,,,,,,,,,,,,,,,,
434,2008-03-01 00:00:00,156.2,,,,,,,,,,,,,,,,,,,,,
435,2008-04-01 00:00:00,154.0,,,,,,,,,,,,,,,,,,,,,
436,2008-05-01 00:00:00,158.8,,,,,,,,,,,,,,,,,,,,,
437,2008-06-01 00:00:00,159.9,,,,,,,,,,,,,,,,,,,,,
438,2008-07-01 00:00:00,161.6,,,,,,,,,,,,,,,,,,,,,
439,2008-08-01 00:00:00,163.3,,,,,,,,,,,,,,,,,,,,,
440,2008-09-01 00:00:00,164.4,,,,,,,,,,,,,,,,,,,,,
441,2008-10-01 00:00:00,164.3,,,,,,,,,,,,,,,,,,,,,
442,2008-11-01 00:00:00,165.3,,,,,,,,,,,,,,,,,,,,,
443,2008-12-01 00:00:00,167.1,,,,,,,,,,,,,,,,,,,,,
444,2009-01-01 00:00:00,165.1,11.691,-0.35554626629975,,,,,,,,,,,,,,,,,,,
445,2009-02-01 00:00:00,164.4,,,,,,,,,,,,,,,,,,,,,
446,2009-03-01 00:00:00,162.6,,,,,,,,,,,,,,,,,,,,,
447,2009-04-01 00:00:00,160.8,,,,,,,,,,,,,,,,,,,,,
448,2009-05-01 00:00:00,160.5,,,,,,,,,,,,,,,,,,,,,
449,2009-06-01 00:00:00,160.6,,,,,,,,,,,,,,,,,,,,,
450,2009-07-01 00:00:00,159.6,,,,,,,,,,,,,,,,,,,,,
451,2009-08-01 00:00:00,158.0,,,,,,,,,,,,,,,,,,,,,
452,2009-09-01 00:00:00,157.7,,,,,,,,,,,,,,,,,,,,,
453,2009-10-01 00:00:00,157.4,,,,,,,,,,,,,,,,,,,,,
454,2009-11-01 00:00:00,156.9,,,,,,,,,,,,,,,,,,,,,
455,2009-12-01 00:00:00,155.3,,,,,,,,,,,,,,,,,,,,,
456,2010-01-01 00:00:00,156.5,11.793,1.64004344238989,,,,,,,,,,,,,,,,,,,
457,2010-02-01 00:00:00,156.4,,,,,,,,,,,,,,,,,,,,,
458,2010-03-01 00:00:00,156.7,,,,,,,,,,,,,,,,,,,,,
459,2010-04-01 00:00:00,157.6,,,,,,,,,,,,,,,,,,,,,
460,2010-05-01 00:00:00,158.7,,,,,,,,,,,,,,,,,,,,,
461,2010-06-01 00:00:00,158.1,,,,,,,,,,,,,,,,,,,,,
462,2010-07-01 00:00:00,158.4,,,,,,,,,,,,,,,,,,,,,
463,2010-08-01 00:00:00,159.7,,,,,,,,,,,,,,,,,,,,,
464,2010-09-01 00:00:00,160.2,,,,,,,,,,,,,,,,,,,,,
465,2010-10-01 00:00:00,161.5,,,,,,,,,,,,,,,,,,,,,
466,2010-11-01 00:00:00,161.4,,,,,,,,,,,,,,,,,,,,,
467,2010-12-01 00:00:00,161.0,,,,,,,,,,,,,,,,,,,,,
468,2011-01-01 00:00:00,162.7,11.436,3.15684156862206,,,,,,,,,,,,,,,,,,,
469,2011-02-01 00:00:00,164.2,,,,,,,,,,,,,,,,,,,,,
470,2011-03-01 00:00:00,166.7,,,,,,,,,,,,,,,,,,,,,
471,2011-04-01 00:00:00,169.6,,,,,,,,,,,,,,,,,,,,,
472,2011-05-01 00:00:00,170.4,,,,,,,,,,,,,,,,,,,,,
473,2011-06-01 00:00:00,171.2,,,,,,,,,,,,,,,,,,,,,
474,2011-07-01 00:00:00,172.7,,,,,,,,,,,,,,,,,,,,,
475,2011-08-01 00:00:00,173.9,,,,,,,,,,,,,,,,,,,,,
476,2011-09-01 00:00:00,176.5,,,,,,,,,,,,,,,,,,,,,
477,2011-10-01 00:00:00,178.0,,,,,,,,,,,,,,,,,,,,,
478,2011-11-01 00:00:00,178.7,,,,,,,,,,,,,,,,,,,,,
479,2011-12-01 00:00:00,180.3,,,,,,,,,,,,,,,,,,,,,
480,2012-01-01 00:00:00,181.3,10.598,2.06933726526059,,,,,,,,,,,,,,,,,,,
481,2012-02-01 00:00:00,182.4,,,,,,,,,,,,,,,,,,,,,
482,2012-03-01 00:00:00,184.8,,,,,,,,,,,,,,,,,,,,,
483,2012-04-01 00:00:00,185.5,,,,,,,,,,,,,,,,,,,,,
484,2012-05-01 00:00:00,186.6,,,,,,,,,,,,,,,,,,,,,
485,2012-06-01 00:00:00,188.2,,,,,,,,,,,,,,,,,,,,,
486,2012-07-01 00:00:00,188.7,,,,,,,,,,,,,,,,,,,,,
487,2012-08-01 00:00:00,189.3,,,,,,,,,,,,,,,,,,,,,
488,2012-09-01 00:00:00,189.3,,,,,,,,,,,,,,,,,,,,,
489,2012-10-01 00:00:00,189.1,,,,,,,,,,,,,,,,,,,,,
490,2012-11-01 00:00:00,189.7,,,,,,,,,,,,,,,,,,,,,
491,2012-12-01 00:00:00,191.6,,,,,,,,,,,,,,,,,,,,,
492,2013-01-01 00:00:00,193.2,9.859,1.46483265562714,,,,,,,,,,,,,,,,,,,
493,2013-02-01 00:00:00,194.5,,,,,,,,,,,,,,,,,,,,,
494,2013-03-01 00:00:00,193.7,,,,,,,,,,,,,,,,,,,,,
495,2013-04-01 00:00:00,194.3,,,,,,,,,,,,,,,,,,,,,
496,2013-05-01 00:00:00,193.5,,,,,,,,,,,,,,,,,,,,,
497,2013-06-01 00:00:00,192.9,,,,,,,,,,,,,,,,,,,,,
498,2013-07-01 00:00:00,193.1,,,,,,,,,,,,,,,,,,,,,
499,2013-08-01 00:00:00,193.5,,,,,,,,,,,,,,,,,,,,,
500,2013-09-01 00:00:00,193.3,,,,,,,,,,,,,,,,,,,,,
501,2013-10-01 00:00:00,192.6,,,,,,,,,,,,,,,,,,,,,
502,2013-11-01 00:00:00,193.5,,,,,,,,,,,,,,,,,,,,,
503,2013-12-01 00:00:00,193.2,,,,,,,,,,,,,,,,,,,,,
504,2014-01-01 00:00:00,193.9,9.241,1.62222297740821,,,,,,,,,,,,,,,,,,,
505,2014-02-01 00:00:00,195.5,,,,,,,,,,,,,,,,,,,,,
506,2014-03-01 00:00:00,193.3,,,,,,,,,,,,,,,,,,,,,
507,2014-04-01 00:00:00,195.2,,,,,,,,,,,,,,,,,,,,,
508,2014-05-01 00:00:00,196.7,,,,,,,,,,,,,,,,,,,,,
509,2014-06-01 00:00:00,198.1,,,,,,,,,,,,,,,,,,,,,
510,2014-07-01 00:00:00,198.5,,,,,,,,,,,,,,,,,,,,,
511,2014-08-01 00:00:00,198.1,,,,,,,,,,,,,,,,,,,,,
512,2014-09-01 00:00:00,198.8,,,,,,,,,,,,,,,,,,,,,
513,2014-10-01 00:00:00,200.8,,,,,,,,,,,,,,,,,,,,,
514,2014-11-01 00:00:00,200.7,,,,,,,,,,,,,,,,,,,,,
515,2014-12-01 00:00:00,200.6,,,,,,,,,,,,,,,,,,,,,
516,2015-01-01 00:00:00,198.8,9.449,0.118627135552435,,,,,,,,,,,,,,,,,,,
517,2015-02-01 00:00:00,197.3,,,,,,,,,,,,,,,,,,,,,
518,2015-03-01 00:00:00,196.5,,,,,,,,,,,,,,,,,,,,,
519,2015-04-01 00:00:00,194.7,,,,,,,,,,,,,,,,,,,,,
520,2015-05-01 00:00:00,194.2,,,,,,,,,,,,,,,,,,,,,
521,2015-06-01 00:00:00,193.9,,,,,,,,,,,,,,,,,,,,,
522,2015-07-01 00:00:00,194.5,,,,,,,,,,,,,,,,,,,,,
523,2015-08-01 00:00:00,193.5,,,,,,,,,,,,,,,,,,,,,
524,2015-09-01 00:00:00,192.5,,,,,,,,,,,,,,,,,,,,,
525,2015-10-01 00:00:00,189.9,,,,,,,,,,,,,,,,,,,,,
526,2015-11-01 00:00:00,188.7,,,,,,,,,,,,,,,,,,,,,
527,2015-12-01 00:00:00,187.7,,,,,,,,,,,,,,,,,,,,,
528,2016-01-01 00:00:00,187.3,10.055,1.26158320570537,,,,,,,,,,,,,,,,,,,
529,2016-02-01 00:00:00,185.1,,,,,,,,,,,,,,,,,,,,,
530,2016-03-01 00:00:00,182.3,,,,,,,,,,,,,,,,,,,,,
531,2016-04-01 00:00:00,178.5,,,,,,,,,,,,,,,,,,,,,
532,2016-05-01 00:00:00,174.7,,,,,,,,,,,,,,,,,,,,,
533,2016-06-01 00:00:00,169.9,,,,,,,,,,,,,,,,,,,,,
534,2016-07-01 00:00:00,166.8,,,,,,,,,,,,,,,,,,,,,
535,2016-08-01 00:00:00,164.4,,,,,,,,,,,,,,,,,,,,,
536,2016-09-01 00:00:00,160.8,,,,,,,,,,,,,,,,,,,,,
537,2016-10-01 00:00:00,158.6,,,,,,,,,,,,,,,,,,,,,
538,2016-11-01 00:00:00,157.0,,,,,,,,,,,,,,,,,,,,,
539,2016-12-01 00:00:00,152.8,,,,,,,,,,,,,,,,,,,,,
540,2017-01-01 00:00:00,149.4,10.144,2.13011000365963,,,,,,,,,,,,,,,,,,,
541,2017-02-01 00:00:00,148.1,,,,,,,,,,,,,,,,,,,,,
542,2017-03-01 00:00:00,144.4,,,,,,,,,,,,,,,,,,,,,
543,2017-04-01 00:00:00,144.9,,,,,,,,,,,,,,,,,,,,,
544,2017-05-01 00:00:00,144.0,,,,,,,,,,,,,,,,,,,,,
545,2017-06-01 00:00:00,143.2,,,,,,,,,,,,,,,,,,,,,
546,2017-07-01 00:00:00,142.5,,,,,,,,,,,,,,,,,,,,,
547,2017-08-01 00:00:00,141.9,,,,,,,,,,,,,,,,,,,,,
548,2017-09-01 00:00:00,143.4,,,,,,,,,,,,,,,,,,,,,
549,2017-10-01 00:00:00,142.1,,,,,,,,,,,,,,,,,,,,,
550,2017-11-01 00:00:00,141.7,,,,,,,,,,,,,,,,,,,,,
551,2017-12-01 00:00:00,140.0,,,,,,,,,,,,,,,,,,,,,
552,2018-01-01 00:00:00,141.2,9.943,2.44258329692818,,,,,,,,,,,,,,,,,,,
553,2018-02-01 00:00:00,140.9,,,,,,,,,,,,,,,,,,,,,
554,2018-03-01 00:00:00,142.6,,,,,,,,,,,,,,,,,,,,,
555,2018-04-01 00:00:00,142.8,,,,,,,,,,,,,,,,,,,,,
556,2018-05-01 00:00:00,143.1,,,,,,,,,,,,,,,,,,,,,
557,2018-06-01 00:00:00,143.5,,,,,,,,,,,,,,,,,,,,,
558,2018-07-01 00:00:00,143.2,,,,,,,,,,,,,,,,,,,,,
559,2018-08-01 00:00:00,142.5,,,,,,,,,,,,,,,,,,,,,
560,2018-09-01 00:00:00,141.4,,,,,,,,,,,,,,,,,,,,,
561,2018-10-01 00:00:00,141.2,,,,,,,,,,,,,,,,,,,,,
562,2018-11-01 00:00:00,141.9,,,,,,,,,,,,,,,,,,,,,
563,2018-12-01 00:00:00,141.5,,,,,,,,,,,,,,,,,,,,,
564,2019-01-01 00:00:00,142.3,9.141,1.81221007526015,,,,,,,,,,,,,,,,,,,
565,2019-02-01 00:00:00,143.6,,,,,,,,,,,,,,,,,,,,,
566,2019-03-01 00:00:00,143.6,,,,,,,,,,,,,,,,,,,,,
567,2019-04-01 00:00:00,144.3,,,,,,,,,,,,,,,,,,,,,
568,2019-05-01 00:00:00,144.4,,,,,,,,,,,,,,,,,,,,,
569,2019-06-01 00:00:00,144.5,,,,,,,,,,,,,,,,,,,,,
570,2019-07-01 00:00:00,143.1,,,,,,,,,,,,,,,,,,,,,
571,2019-08-01 00:00:00,143.8,,,,,,,,,,,,,,,,,,,,,
572,2019-09-01 00:00:00,144.0,,,,,,,,,,,,,,,,,,,,,
573,2019-10-01 00:00:00,143.6,,,,,,,,,,,,,,,,,,,,,
574,2019-11-01 00:00:00,142.2,,,,,,,,,,,,,,,,,,,,,
575,2019-12-01 00:00:00,142.5,,,,,,,,,,,,,,,,,,,,,
576,2020-01-01 00:00:00,138.8,7.857,,,,,,,,,,,,,,,,,,,,
577,2020-02-01 00:00:00,137.4,,,,,,,,,,,,,,,,,,,,,
578,2020-03-01 00:00:00,135.2,,,,,,,,,,,,,,,,,,,,,
579,2020-04-01 00:00:00,135.3,,,,,,,,,,,,,,,,,,,,,
580,2020-05-01 00:00:00,133.1,,,,,,,,,,,,,,,,,,,,,
581,2020-06-01 00:00:00,132.9,,,,,,,,,,,,,,,,,,,,,
582,2020-07-01 00:00:00,133.7,,,,,,,,,,,,,,,,,,,,,
583,2020-08-01 00:00:00,134.8,,,,,,,,,,,,,,,,,,,,,
584,2020-09-01 00:00:00,136.6,,,,,,,,,,,,,,,,,,,,,
585,2020-10-01 00:00:00,137.7,,,,,,,,,,,,,,,,,,,,,
586,2020-11-01 00:00:00,139.4,,,,,,,,,,,,,,,,,,,,,
587,2020-12-01 00:00:00,139.5,,,,,,,,,,,,,,,,,,,,,
588,2021-01-01 00:00:00,133.0,,,,,,,,,,,,,,,,,,,,,
589,2021-02-01 00:00:00,132.7,,,,,,,,,,,,,,,,,,,,,
590,2021-03-01 00:00:00,133.3,,,,,,,,,,,,,,,,,,,,,
